Product Name,Over_All_Rating,Price,Date,Rating,Name,Comment
Buy H&M Women Wide Joggers  - Trousers for Women 31438888 | Myntra,4.4,‚Çπ1039,6 Nov 2024,5,Mamta Batra,Very cool and comfy trousers üëñ.my daughter loves it.you can wear it on winter.it‚Äôs very cosy.
Buy H&M Women Wide Joggers  - Trousers for Women 31438888 | Myntra,4.4,‚Çπ1039,14 Apr 2025,5,Spriha Sanjay,I looove the fit of this! I got size 41 for me and it‚Äôs perfect! The material is so soft and slightly lined so makes it perfect for winters and autumn weather. Definitely recommend. 
Buy H&M Women Wide Joggers  - Trousers for Women 31438888 | Myntra,4.4,‚Çπ1039,2 Jan 2025,5,Suhani Gupta," i absolutely love these joggers! 
The fabric is soft and comfortable, making them perfect for lounging or casual outings. The fit is just right, neither too tight nor too loose, and the wide-leg design adds a stylish touch. The quality feels premium, and they look exactly as shown in the pictures. Highly recommend them for anyone looking for trendy and comfy joggers!"
Buy H&M Women Wide Joggers  - Trousers for Women 31438888 | Myntra,4.4,‚Çπ1039,25 Feb 2025,5,Shilpa Pathak,I loved how comfy the trouser is and how perfectly it fits me. 
Buy H&M Women Wide Joggers  - Trousers for Women 31438888 | Myntra,4.4,‚Çπ1039,8 Jan 2025,5,Shikha Nayan,Very comfy and perfect for airport look and it‚Äôs warm too
Buy H&M Women Wide Joggers  - Trousers for Women 31438888 | Myntra,4.4,‚Çπ1039,2 Jan 2025,4,Chhavi,"Loved it!
This H&M motif-detail sweatshirt is stylish, comfy, and high-quality. The fit is perfect, the fabric is soft, and the design is versatile. Even after washing, it stays vibrant and holds its shape. Highly recommend it!
"
Buy H&M Women Wide Joggers  - Trousers for Women 31438888 | Myntra,4.4,‚Çπ1039,4 June 2024,5,Asif Rizvi,"This trousers gives such a nice comfort which i never experienced in any brand from all these years in my life.H&m is the best‚ù£Ô∏è its the perfect wide trouser , quality is soo good and color is same as shown in picture..Just goo for it guyss"
Buy H&M Women Wide Joggers  - Trousers for Women 31438888 | Myntra,4.4,‚Çπ1039,20 Oct 2024,4,Biy,"Good for winter lightweight jogger , but according to me price is too high "
Buy H&M Women Wide Joggers  - Trousers for Women 31438888 | Myntra,4.4,‚Çπ1039,29 Nov 2024,5,Shraddha,"It‚Äôs a mid rise ankle length  , relaxed fit pants , hence extremely comfortable . 
Ankle length for me -my height is 5ft 6 inches ."
Buy H&M Women Wide Joggers  - Trousers for Women 31438888 | Myntra,4.4,‚Çπ1039,16 Jan 2025,5,Ankita Ranjan,It‚Äôs great fit with soft fabric. It‚Äôs suits my height too. I am 5 feet. Loved it
Buy H&M Women Wide Joggers  - Trousers for Women 31438888 | Myntra,4.4,‚Çπ1039,29 Oct 2024,5,Srishti Nim,The fabric is nice and internal.fabric in it is soft light furry texture .Fitting is nice like trouser.but after wearing it the fabric gets lints that are removable.
Buy H&M Women Wide Joggers  - Trousers for Women 31438888 | Myntra,4.4,‚Çπ1039,24 Aug 2024,5,Vibhasree Gowda,The quality is superb for winters but it could be much longer.! Its good for height 5‚Äô4 . But low waist for 5‚Äô6 height.!
Buy H&M Women Wide Joggers  - Trousers for Women 31438888 | Myntra,4.4,‚Çπ1039,4 Sept 2024,4,Mona Upreti,This product is good . It can be used for daily purpose wearing . It is comfortable . U can wear it with crop top to be more elevated 
Buy H&M Women Wide Joggers  - Trousers for Women 31438888 | Myntra,4.4,‚Çπ1039,8 June 2024,5,Kulsum,The fit nd the quality of the clothe is very comforting...am so satisfied ü´Äü§ç
Buy H&M Women Wide Joggers  - Trousers for Women 31438888 | Myntra,4.4,‚Çπ1039,13 May 2024,4,Kaveen,"The fitting is good but the length is not satisfying.
 The material is good and soft beat for summers it‚Äôs is pretty comfy."
Buy H&M Women Wide Joggers  - Trousers for Women 31438888 | Myntra,4.4,‚Çπ1039,12 Oct 2024,5,Tanushree Saharia,"I love the clothes from this website!! I am so glad I found them.....everything has been spot on, fits wonderfully, styles are trendy and lots to choose from!! Thanks for being here for us.
"
Buy H&M Women Wide Joggers  - Trousers for Women 31438888 | Myntra,4.4,‚Çπ1039,30 Apr 2025,3,Akanksha,"The trousers look good, and the fabric is soft. However, the black color bled a lot during the first wash, and the inner wool-like lining started shedding‚Äîlittle round bits of fabric kept coming off."
Buy H&M Women Wide Joggers  - Trousers for Women 31438888 | Myntra,4.4,‚Çπ1039,9 Oct 2024,5,Upashna Rai,"It is really good, best suited for winter. It was a perfect fit for me. Loved the fabric and the colour. It was a steal deal for me. Glad to have bought it."
Buy H&M Women Wide Joggers  - Trousers for Women 31438888 | Myntra,4.4,‚Çπ1039,3 Sept 2024,4,Myntra Customer,"I liked the quality a lot. Unfortunately,even though I bought my usual hm sizing,the trouser was tight especially near the thigh area. I have ordered a bigger sizing,hoping that's a good fit "
Buy H&M Women Wide Joggers  - Trousers for Women 31438888 | Myntra,4.4,‚Çπ1039,6 Aug 2024,5,Honey,"They are good for light winters as it is made of light warm stuff. Quality wise and colour wise they match the level of H&M. So go for it in light winters 

"
Buy H&M Women Wide Joggers  - Trousers for Women 31438888 | Myntra,4.4,‚Çπ1039,2 Oct 2024,5,Rachita Mathur,"The fit is perfect,  the material is so good it's a must have for every girl's wardrobe.
"
Buy H&M Women Wide Joggers  - Trousers for Women 31438888 | Myntra,4.4,‚Çπ1039,17 Nov 2024,5,Nishtha,"I was eyeing this product since a long time n finally got it on sale from myntra. Its just so good the quality and the material is so soft! A must buy.
"
Buy H&M Women Wide Joggers  - Trousers for Women 31438888 | Myntra,4.4,‚Çπ1039,14 Oct 2024,4,Mamtha,The pants are comfy and the material is so soft too .it would be very good for light winters giving a total chic look.
Buy H&M Women Wide Joggers  - Trousers for Women 31438888 | Myntra,4.4,‚Çπ1039,11 Oct 2024,3,Akanksha Yadav,"It was a very nice experience shopping from myntra, the product was too good as I expected and your service was great I would like to purchase more from you!"
Buy H&M Women Wide Joggers  - Trousers for Women 31438888 | Myntra,4.4,‚Çπ1039,27 Nov 2024,5,Manu Singh,What a material... so soft and so light that you don't feel that you are wearing itüòç. Its worth to wear in winter 
Buy H&M Women Wide Joggers  - Trousers for Women 31438888 | Myntra,4.4,‚Çπ1039,1 Oct 2024,3,Pulkit Kilania,"Just one downside-  the length of the pants is a bit awkward for taller women. Otherwise, everything‚Äôs great."
Buy H&M Women Wide Joggers  - Trousers for Women 31438888 | Myntra,4.4,‚Çπ1039,28 Oct 2024,5,Seema,"This joggers like a dream fit for my bodyüòò best for winter wear, it's very cozy soft....I love it.
"
Buy H&M Women Wide Joggers  - Trousers for Women 31438888 | Myntra,4.4,‚Çπ1039,1 May 2024,5,Jk,I really like this jogger the colour the fit everything about it.
Buy H&M Women Wide Joggers  - Trousers for Women 31438888 | Myntra,4.4,‚Çπ1039,30 May 2024,5,Neelam,"H&M is my all-time favourite. Good quality at affordable price
"
Buy H&M Women Wide Joggers  - Trousers for Women 31438888 | Myntra,4.4,‚Çπ1039,16 May 2024,4,Rashmi Negi,Very nice but has feather liker texture inside so more suitable for winters 
Buy H&M Women Wide Joggers  - Trousers for Women 31438888 | Myntra,4.4,‚Çπ1039,6 Sept 2024,5,Hansika Jhawar,"It is so comfortable, so perfect! Just that it didnt suit well on my body type otherwise it is a 10/10 pant!
"
Buy H&M Women Wide Joggers  - Trousers for Women 31438888 | Myntra,4.4,‚Çπ1039,3 Sept 2024,5,Minakshi Shah,"Very soft,comfy just the right fit.never experienced such comfort in any other brand.best purchase ever."
Buy H&M Women Wide Joggers  - Trousers for Women 31438888 | Myntra,4.4,‚Çπ1039,23 Apr 2025,5,Junmoni Pegu,The quality is good üíï
Buy H&M Women Wide Joggers  - Trousers for Women 31438888 | Myntra,4.4,‚Çπ1039,4 Oct 2024,4,Deepika Singh,"Comfortable joggers


"
Buy H&M Women Wide Joggers  - Trousers for Women 31438888 | Myntra,4.4,‚Çπ1039,13 Apr 2025,5,Vishakha Ballani,"They are great, the material is also a bit thick but not uncomfortable to wear ."
Buy H&M Women Wide Joggers  - Trousers for Women 31438888 | Myntra,4.4,‚Çπ1039,17 Dec 2024,4,Srishti,joggers are really good but the length is a little short for me (i‚Äôm 5‚Äô5 and bought size XS)
Buy H&M Women Wide Joggers  - Trousers for Women 31438888 | Myntra,4.4,‚Çπ1039,23 Sept 2024,5,Bansari,Without a second thought just go with h&m for trousers and track pents. Love the comfort and fabric üòç
Buy H&M Women Wide Joggers  - Trousers for Women 31438888 | Myntra,4.4,‚Çπ1039,3 Feb 2024,4,Subita Shilshi,I just love it so much ... Please make it available in different colours too with the same design !!
Buy H&M Women Wide Joggers  - Trousers for Women 31438888 | Myntra,4.4,‚Çπ1039,17 Nov 2024,4,Samriddhi Agrawal,"the colour fades away quickly it gets lint on it very easily but the fitting is good
"
Buy H&M Women Wide Joggers  - Trousers for Women 31438888 | Myntra,4.4,‚Çπ1039,11 Oct 2024,5,Riya Jain,"Really loved the trousers. 
It's very soft and comfortable . Would definitely buy in more colours"
Buy H&M Women Wide Joggers  - Trousers for Women 31438888 | Myntra,4.4,‚Çπ1039,21 Apr 2025,5,Shreya,"Just perfect for running errands, airport looks ans everyday use. Very comfortable "
Buy H&M Women Wide Joggers  - Trousers for Women 31438888 | Myntra,4.4,‚Çπ1039,24 Apr 2025,5,Manvi,"Good quality fabric 
True to size
Baby pink colour same as in picture 
Very comfortable 
Recommended "
Buy H&M Women Wide Joggers  - Trousers for Women 31438888 | Myntra,4.4,‚Çπ1039,1 Sept 2024,5,Priyanshu Rodhia,"Product is too much nice & good fabric, if anyone is interested so then they should buy it 
"
Buy H&M Women Wide Joggers  - Trousers for Women 31438888 | Myntra,4.4,‚Çπ1039,9 Oct 2024,4,Dr Arti Sharma,"Comfortable. Looks sleek. Overall a very sauve, hot and cool look....all at once "
Buy H&M Women Wide Joggers  - Trousers for Women 31438888 | Myntra,4.4,‚Çπ1039,12 Dec 2024,5,Arti,"Quality is too good 
My regular is size 32 and accurate to me
Colour is as shown as picture 
"
Buy H&M Women Wide Joggers  - Trousers for Women 31438888 | Myntra,4.4,‚Çπ1039,4 July 2024,5,Manisha,"Good one but the inside fabric coming out , otherwise the product is soo cool and go for it .
"
Buy H&M Women Wide Joggers  - Trousers for Women 31438888 | Myntra,4.4,‚Çπ1039,10 June 2024,5,Manshi Singh,It‚Äôs really comfortable and the same colour no changes in colour at all 
Buy H&M Women Wide Joggers  - Trousers for Women 31438888 | Myntra,4.4,‚Çπ1039,2 Oct 2024,5,Anushka Tomar," Just amazing, low waist , fabulous quality, comfortable just go for it 
"
Buy H&M Women Wide Joggers  - Trousers for Women 31438888 | Myntra,4.4,‚Çπ1039,5 June 2024,4,Asif M Hassan,Product is good enough. Nice fitting and liked the colour too.
Buy H&M Women Wide Joggers  - Trousers for Women 31438888 | Myntra,4.4,‚Çπ1039,15 July 2024,5,Myntra Customer,This jogger is comfortable for everyday wear..I wear it everywhere üòÇ
Buy H&M Women Wide Joggers  - Trousers for Women 31438888 | Myntra,4.4,‚Çπ1039,9 Apr 2025,4,Alisha Rawat,"Perfect fit, pretty colour and worth the money‚Ä¶
Go for itü•∞"
Buy H&M Women Wide Joggers  - Trousers for Women 31438888 | Myntra,4.4,‚Çπ1039,13 June 2024,5,Sheham Gilani,"Best black pants ever 
Comfortable, smooth , good flow , sits perfectly on the waist 
"
Buy H&M Women Wide Joggers  - Trousers for Women 31438888 | Myntra,4.4,‚Çπ1039,4 Sept 2024,5,Debosmita,Lovely pants. Not for summer though as they are lined by fleece. Quality is good.
Buy H&M Women Wide Joggers  - Trousers for Women 31438888 | Myntra,4.4,‚Çπ1039,16 June 2024,4,Lakshita,it's very warm. definitely not for summers but otherwise it's great
Buy H&M Women Wide Joggers  - Trousers for Women 31438888 | Myntra,4.4,‚Çπ1039,5 July 2024,5,Kanchan,Suitable for winters..it's not cotton...it's woollen .. although loved the fabric ...
Buy H&M Women Wide Joggers  - Trousers for Women 31438888 | Myntra,4.4,‚Çπ1039,7 Oct 2024,4,Cinnamonshua Lilyrochefort,Perfect pants for 5.2-3 ft girlies. Get your exact size!
Buy H&M Women Wide Joggers  - Trousers for Women 31438888 | Myntra,4.4,‚Çπ1039,8 June 2024,5,Aem Lawnz,Comfortable for summer as well as winter .Quality is as per mentioned
Buy H&M Women Wide Joggers  - Trousers for Women 31438888 | Myntra,4.4,‚Çπ1039,29 Mar 2025,2,Rachel,"Okhay here is my honest review üôÇ


Just after one wash, I noticed the color had already started to fade I‚Äôm pretty disappointed because the color looked amazing when I first got itüôÇ
Haannn.. For the price, I was hoping for something more durable in terms of color retention."
Buy H&M Women Wide Joggers  - Trousers for Women 31438888 | Myntra,4.4,‚Çπ1039,21 Aug 2024,5,Manjula T,Casual and comfortable.. But suits for winter not for summer.
Buy H&M Women Wide Joggers  - Trousers for Women 31438888 | Myntra,4.4,‚Çπ1039,18 Mar 2025,5,Aira,"The color is very pretty and the quality is also nice. 

"
Buy H&M Women Wide Joggers  - Trousers for Women 31438888 | Myntra,4.4,‚Çπ1039,2 Oct 2024,5,Gurpreet Kaur,"Really like the comfort and overall fit
Good for winters !
"
Buy H&M Women Wide Joggers  - Trousers for Women 31438888 | Myntra,4.4,‚Çπ1039,17 Dec 2024,5,Myntra Customer,"nice fabric material, very comfortable for daily use and perfect size
"
Buy H&M Women Wide Joggers  - Trousers for Women 31438888 | Myntra,4.4,‚Çπ1039,26 June 2024,1,Shubh,Overall product is very good but length is the main concern about this.
Buy H&M Women Wide Joggers  - Trousers for Women 31438888 | Myntra,4.4,‚Çπ1039,1 Dec 2024,5,Dimple S Thakur,Warm and cozy ‚Ä¶..good for winter ‚Ä¶..go for it ü´∂üèªü´∂üèªü•∞
Buy H&M Women Wide Joggers  - Trousers for Women 31438888 | Myntra,4.4,‚Çπ1039,4 Dec 2024,4,Lovedeep,Its material is good thick..... but it is low waist 
Buy H&M Women Wide Joggers  - Trousers for Women 31438888 | Myntra,4.4,‚Çπ1039,10 Oct 2024,5,Erana,after beige this is my second pair of these joggers..h&m never lets you down
Buy H&M Women Wide Joggers  - Trousers for Women 31438888 | Myntra,4.4,‚Çπ1039,14 Nov 2024,4,Harjot Kaur,Its very comfortable and its good for winter season.
Buy H&M Women Wide Joggers  - Trousers for Women 31438888 | Myntra,4.4,‚Çπ1039,21 Nov 2024,5,Anushree Chaudhari,Overall it's comfortable especially for little chilly weather 
Buy H&M Women Wide Joggers  - Trousers for Women 31438888 | Myntra,4.4,‚Çπ1039,21 June 2024,4,Diwakar,"It's comfortable & soft , good for regular wear üéÄ"
Buy H&M Women Wide Joggers  - Trousers for Women 31438888 | Myntra,4.4,‚Çπ1039,28 Apr 2025,4,Narcisosist,So comfortable and it's my go to wear for casual outings..
Buy H&M Women Wide Joggers  - Trousers for Women 31438888 | Myntra,4.4,‚Çπ1039,8 Sept 2024,5,Sarah Jamatia,"The best joggers i owned!!!
H&M never disappoints me!!!!"
Buy H&M Women Wide Joggers  - Trousers for Women 31438888 | Myntra,4.4,‚Çπ1039,3 May 2024,4,Anushka Kaushik,"Quality, looks, fitting great... Comfortable"
Buy H&M Women Wide Joggers  - Trousers for Women 31438888 | Myntra,4.4,‚Çπ1039,13 Apr 2025,5,Myntra Customer,Fits Perfectly and material is tooo good .loved it !
Buy H&M Women Wide Joggers  - Trousers for Women 31438888 | Myntra,4.4,‚Çπ1039,11 Oct 2024,3,Kime Rilyang,"Got the product in so much discount but the quality is not as expected 
But the colour is as shown in the picture 
"
Buy H&M Women Wide Joggers  - Trousers for Women 31438888 | Myntra,4.4,‚Çπ1039,14 Oct 2024,4,Sonali Salvi,Best fabric good nice colour elastic is good
Buy H&M Women Wide Joggers  - Trousers for Women 31438888 | Myntra,4.4,‚Çπ1039,8 Dec 2024,4,Bhagyashree,Quality is good but length is not perfect for 5'7 
Buy H&M Women Wide Joggers  - Trousers for Women 31438888 | Myntra,4.4,‚Çπ1039,4 Mar 2024,5,Kshitija Satasiya,Very soft material comfortable for travelling too
Buy H&M Women Wide Joggers  - Trousers for Women 31438888 | Myntra,4.4,‚Çπ1039,11 Apr 2025,4,Aayushi Ritti,It‚Äôs vwey good for winter trouser. Go for it 
Buy H&M Women Wide Joggers  - Trousers for Women 31438888 | Myntra,4.4,‚Çπ1039,1 June 2024,5,Vaishnavi Tripathi,Perfect pants for summer I'm in luv seriously 
Buy H&M Women Wide Joggers  - Trousers for Women 31438888 | Myntra,4.4,‚Çπ1039,19 July 2024,3,Anusha Pawar,"Is good for winters but not for summers it becomes very sweaty from inside especially in hot cities
"
Buy H&M Women Wide Joggers  - Trousers for Women 31438888 | Myntra,4.4,‚Çπ1039,27 Sept 2024,5,Arti Ambesh,"
Fabric quality bhi bahut achchi 
Comfortable and soft"
Buy H&M Women Wide Joggers  - Trousers for Women 31438888 | Myntra,4.4,‚Çπ1039,4 Sept 2024,4,Manisha,"It was good but little tight for me
"
Buy H&M Women Wide Joggers  - Trousers for Women 31438888 | Myntra,4.4,‚Çπ1039,30 Sept 2024,5,Simran,Amazing quality i love myntra for extra discount 
Buy H&M Women Wide Joggers  - Trousers for Women 31438888 | Myntra,4.4,‚Çπ1039,9 Oct 2024,4,Jenny,It's very soft and the material is really good
Buy H&M Women Wide Joggers  - Trousers for Women 31438888 | Myntra,4.4,‚Çπ1039,1 Jan 2025,5,Salam Sanamacha Singh,"Perfect size and fabric is amazing 
"
Buy H&M Women Wide Joggers  - Trousers for Women 31438888 | Myntra,4.4,‚Çπ1039,5 Sept 2024,5,Sainy,"Veru comfortable and classy must go for it
"
Buy H&M Women Wide Joggers  - Trousers for Women 31438888 | Myntra,4.4,‚Çπ1039,5 May 2025,5,Shreya,Perfect material for everyday use. Very comfortable 
Buy H&M Women Wide Joggers  - Trousers for Women 31438888 | Myntra,4.4,‚Çπ1039,20 Dec 2024,5,Parizaat Sisodia,"Looks awsome 
Comfy and soft 
"
Buy H&M Women Wide Joggers  - Trousers for Women 31438888 | Myntra,4.4,‚Çπ1039,16 Apr 2025,4,Kitty Sharma,Cloth is thick I think it‚Äôs good for winters 
Buy H&M Women Wide Joggers  - Trousers for Women 31438888 | Myntra,4.4,‚Çπ1039,5 Sept 2024,4,Rutvi,"Good but pricey according to the price
"
Buy H&M Women Wide Joggers  - Trousers for Women 31438888 | Myntra,4.4,‚Çπ1039,10 Oct 2024,5,6497,Very good quality and very comfortable looking so good üòäüëç
Buy H&M Women Wide Joggers  - Trousers for Women 31438888 | Myntra,4.4,‚Çπ1039,10 Sept 2024,5,Durmi,"The pant  is so comfy  just love  the  fabric 
"
Buy H&M Women Wide Joggers  - Trousers for Women 31438888 | Myntra,4.4,‚Çπ1039,18 May 2024,4,Myntra Customer,"Worth it , same as shown in picture "
Buy H&M Women Wide Joggers  - Trousers for Women 31438888 | Myntra,4.4,‚Çπ1039,23 Mar 2025,5,Pallavi Singh,Most comfortable trousers. Just go for it. 
Buy H&M Women Wide Joggers  - Trousers for Women 31438888 | Myntra,4.4,‚Çπ1039,30 Mar 2025,4,Nashi,It's very comfortable to wear for winter.
Buy H&M Women Wide Joggers  - Trousers for Women 31438888 | Myntra,4.4,‚Çπ1039,6 Apr 2025,5,Pratibha,This trouser üíïüòçrecommending to buy it 
Buy H&M Women Wide Joggers  - Trousers for Women 31438888 | Myntra,4.4,‚Çπ1039,3 Sept 2024,5,Rutushri,"Best thing i ordered
Fabric, colour, fitting is perfect "
Buy H&M Women Wide Joggers  - Trousers for Women 31438888 | Myntra,4.4,‚Çπ1039,8 June 2024,4,Riya Gohil,Nice but for me too short from length 
Buy H&M Women Wide Joggers  - Trousers for Women 31438888 | Myntra,4.4,‚Çπ1039,30 Oct 2024,2,Vaibhavi Chavan,"The joggers seemed fine at first but then after one or two washes I can see the colour fade and there is some discolouration evidently visible, I don‚Äôt recommend to buy this because the fabric is not upto the mark

"
Buy H&M Women Wide Joggers  - Trousers for Women 31438888 | Myntra,4.4,‚Çπ1039,5 Apr 2025,5,Neha Kumari,A little bit high price but good quality 
Buy H&M Women Wide Joggers  - Trousers for Women 31438888 | Myntra,4.4,‚Çπ1039,12 Dec 2024,4,Shreya Mukherjee,Nice quality but length is short 
Buy H&M Women Wide Joggers  - Trousers for Women 31438888 | Myntra,4.4,‚Çπ1039,4 Sept 2024,5,Surbhi,Quality is really top notch. Worth buying.
Buy H&M Women Wide Joggers  - Trousers for Women 31438888 | Myntra,4.4,‚Çπ1039,25 Jan 2025,5,Haritha,Nice product so comfortable to wear all the time
Buy H&M Women Wide Joggers  - Trousers for Women 31438888 | Myntra,4.4,‚Çπ1039,14 Oct 2024,4,Sonali Salvi,Good fabric colour Is little dull
